complaint_date,year,quarter,month,day
2025-12-09,2025,4,12,9
2025-12-31,2025,4,12,31
2018-12-14,2018,4,12,14
2025-12-30,2025,4,12,30
2025-12-22,2025,4,12,22
2025-12-08,2025,4,12,8
2025-12-16,2025,4,12,16
2025-11-19,2025,4,11,19
2025-12-23,2025,4,12,23
2025-11-29,2025,4,11,29
2025-09-14,2025,3,9,14
2025-04-25,2025,2,4,25
2025-12-18,2025,4,12,18
2025-12-28,2025,4,12,28
2024-09-11,2024,3,9,11
2025-12-29,2025,4,12,29
2025-08-26,2025,3,8,26
2025-10-02,2025,4,10,2
2025-12-24,2025,4,12,24
2025-11-13,2025,4,11,13
2025-12-17,2025,4,12,17
2025-12-25,2025,4,12,25
2025-12-02,2025,4,12,2
2024-09-09,2024,3,9,9
2025-12-27,2025,4,12,27
2025-03-18,2025,1,3,18
2025-12-21,2025,4,12,21
2025-11-24,2025,4,11,24
2025-12-20,2025,4,12,20
2025-12-26,2025,4,12,26
2025-11-27,2025,4,11,27
2025-11-07,2025,4,11,7
2025-05-27,2025,2,5,27
2025-08-03,2025,3,8,3
2025-11-30,2025,4,11,30
2025-03-03,2025,1,3,3
2025-12-13,2025,4,12,13
2025-12-19,2025,4,12,19
2015-06-01,2015,2,6,1
2025-12-10,2025,4,12,10
2025-12-01,2025,4,12,1
2025-06-01,2025,2,6,1
2025-11-26,2025,4,11,26
2025-11-18,2025,4,11,18
2025-12-06,2025,4,12,6
2025-11-12,2025,4,11,12
2025-03-27,2025,1,3,27
2025-12-11,2025,4,12,11
2025-11-03,2025,4,11,3
2025-11-28,2025,4,11,28
2025-09-11,2025,3,9,11
2024-12-20,2024,4,12,20
2025-09-09,2025,3,9,9
2025-07-19,2025,3,7,19
2025-06-25,2025,2,6,25
2025-09-29,2025,3,9,29
2025-11-20,2025,4,11,20
2025-10-04,2025,4,10,4
2025-05-24,2025,2,5,24
2025-12-07,2025,4,12,7
2025-11-21,2025,4,11,21
2025-08-31,2025,3,8,31
2025-08-19,2025,3,8,19
2025-12-12,2025,4,12,12
2025-10-16,2025,4,10,16
2025-10-31,2025,4,10,31
2020-12-31,2020,4,12,31
2025-11-25,2025,4,11,25
2025-03-29,2025,1,3,29
2025-12-15,2025,4,12,15
2025-11-01,2025,4,11,1
2025-09-16,2025,3,9,16
2025-10-29,2025,4,10,29
2020-07-16,2020,3,7,16
2025-09-10,2025,3,9,10
2025-09-20,2025,3,9,20
2025-09-01,2025,3,9,1
2023-11-01,2023,4,11,1
2024-11-27,2024,4,11,27
2025-10-06,2025,4,10,6
2025-07-22,2025,3,7,22
2022-11-14,2022,4,11,14
2025-11-09,2025,4,11,9
2023-11-28,2023,4,11,28
2025-09-28,2025,3,9,28
2025-12-05,2025,4,12,5
2025-11-02,2025,4,11,2
2025-02-05,2025,1,2,5
2025-11-14,2025,4,11,14
2024-12-22,2024,4,12,22
2025-11-16,2025,4,11,16
2025-02-24,2025,1,2,24
2025-08-18,2025,3,8,18
2024-12-10,2024,4,12,10
2025-08-01,2025,3,8,1
2025-11-17,2025,4,11,17
2025-07-31,2025,3,7,31
2025-07-07,2025,3,7,7
2025-11-05,2025,4,11,5
2025-12-14,2025,4,12,14
2020-10-25,2020,4,10,25
2025-05-18,2025,2,5,18
2024-09-18,2024,3,9,18
2020-01-01,2020,1,1,1
2025-05-29,2025,2,5,29
2025-06-15,2025,2,6,15
2025-12-04,2025,4,12,4
2025-09-23,2025,3,9,23
2025-02-16,2025,1,2,16
2025-09-25,2025,3,9,25
2025-10-25,2025,4,10,25
2025-11-08,2025,4,11,8
2025-10-21,2025,4,10,21
2025-08-10,2025,3,8,10
2025-06-11,2025,2,6,11
2025-04-30,2025,2,4,30
2023-03-09,2023,1,3,9
2025-08-17,2025,3,8,17
2025-01-14,2025,1,1,14
2025-03-15,2025,1,3,15
2015-06-14,2015,2,6,14
2025-07-20,2025,3,7,20
2025-11-23,2025,4,11,23
2025-12-03,2025,4,12,3
2025-07-24,2025,3,7,24
2025-10-15,2025,4,10,15
2025-04-20,2025,2,4,20
2005-12-30,2005,4,12,30
2025-11-15,2025,4,11,15
2021-12-30,2021,4,12,30
2025-04-21,2025,2,4,21
2025-02-20,2025,1,2,20
2025-10-09,2025,4,10,9
2025-10-24,2025,4,10,24
2025-10-19,2025,4,10,19
2023-03-01,2023,1,3,1
2022-01-11,2022,1,1,11
2024-01-31,2024,1,1,31
2025-04-22,2025,2,4,22
2025-06-29,2025,2,6,29
2025-06-30,2025,2,6,30
2025-07-03,2025,3,7,3
2025-10-30,2025,4,10,30
2022-07-01,2022,3,7,1
2025-03-14,2025,1,3,14
2020-01-04,2020,1,1,4
2025-07-02,2025,3,7,2
2025-08-04,2025,3,8,4
2023-02-05,2023,1,2,5
2014-01-01,2014,1,1,1
2025-06-28,2025,2,6,28
2025-05-01,2025,2,5,1
2025-09-02,2025,3,9,2
2025-06-03,2025,2,6,3
2025-11-11,2025,4,11,11
2025-10-23,2025,4,10,23
2025-10-22,2025,4,10,22
2024-12-21,2024,4,12,21
2025-09-06,2025,3,9,6
2025-11-22,2025,4,11,22
2025-07-17,2025,3,7,17
2025-10-01,2025,4,10,1
2025-08-24,2025,3,8,24
2025-10-08,2025,4,10,8
2024-03-29,2024,1,3,29
2024-04-01,2024,2,4,1
2025-01-04,2025,1,1,4
2025-10-28,2025,4,10,28
2024-08-24,2024,3,8,24
2020-11-01,2020,4,11,1
2025-06-12,2025,2,6,12
2025-10-18,2025,4,10,18
2024-04-22,2024,2,4,22
2025-09-19,2025,3,9,19
2025-09-27,2025,3,9,27
2025-11-04,2025,4,11,4
